ID,Score,Income,Mother_edu,Father_edu,Mother_Prof,Father_Prof,Type_1,Type_2,Students
1,551.5625,3.328125,4.642857143,5.125,3.363636364,3.461538462,Private,Private,451
2,520.3125,2,3.666666667,4.5,3.666666667,3.333333333,Private,Private,122
3,599.8181819,3.363636364,4.6,5.636363636,3.727272727,3.636363636,Private,Private,271
4,588.1875,12.70833333,6.416666667,6.5,4.666666667,4.727272727,Private,Private,152
5,642.8134191,5.162224265,5,5.17877095,3.536734694,3.222453222,Public,Federal,1291
6,632.7601351,4.388513514,4.808219178,4.945945946,3.309859155,2.96969697,Public,Federal,279
7,545.1346154,3.826923077,4.423076923,4.884615385,3.666666667,3.2,Private,Private,921
8,577,6.375,4.555555556,5.411764706,3.529411765,3.214285714,Private,Private,490
9,619.0520833,9.9375,5.47826087,5.916666667,4.136363636,3.666666667,Private,Private,471
10,586.5625,13.5,6.666666667,6,4.666666667,4,Private,Private,85
11,570.9903846,5.673076923,5.272727273,5.04,3.625,3.7,Private,Private,405
12,541.0555555,4.972222222,5.125,4.625,3.428571429,2.75,Private,Private,290
13,631.0931373,7.529411765,5.125,5.66,4,3.897959184,Private,Private,116
14,628.675,6.9125,5.236842105,5.575,4.184210526,3.605263158,Private,Private,466
15,621.8983051,8.987288136,5.543103448,5.75862069,4.203539823,3.914285714,Private,Private,827
16,612.9318182,6.301136364,5.102564103,5.363636364,3.722222222,3.368421053,Private,Private,586
17,557.7247706,6.286697248,5.32038835,5.653465347,3.98019802,3.734693878,Private,Private,537
18,552.2933884,5.731404959,5.330434783,5.605042017,3.657407407,3.490740741,Private,Private,508
19,609.3412698,7.956349206,5.5,5.888888889,4.122807018,3.982758621,Private,Private,1183
20,607.6953125,15.5859375,6.28125,6.0625,4.75,4.193548387,Private,Private,306
21,546.5357143,2.583333333,4.3,4.857142857,3.352941176,2.888888889,Private,Private,313
22,593.0681818,5.579545455,5.285714286,5.227272727,3.666666667,3.368421053,Private,Private,571
23,642.2297297,10.61486486,6.277777778,6,4.555555556,4.194444444,Private,Private,807
24,614.0535715,7.238095238,5.5,5.571428571,4.073170732,3.611111111,Private,Private,780
25,626.5673077,6.836538462,5.75,5.68,4.208333333,3.954545455,Private,Private,425
26,515.725,10.5,6.1,5.6,4.7,3.888888889,Private,Private,60
27,512.3815789,4.25,4.888888889,5.611111111,3.75,3.470588235,Private,Private,42
28,603.875,6.916666667,5.5,5.666666667,4.666666667,4.333333333,Private,Private,224
29,575.9673913,7.445652174,5.363636364,5.434782609,4,3.857142857,Private,Private,261
30,560.56,3.78,5.166666667,5.64,3.666666667,3.458333333,Private,Private,560
31,638.6071429,11.4702381,6.170731707,6.142857143,4.43902439,4.378378378,Private,Private,560
32,635.2303371,8.129213483,5.563218391,5.863636364,4.071428571,3.768292683,Private,Private,2288
33,538.4166667,4.777777778,5.384615385,5.666666667,3.956521739,3.52,Private,Private,211
34,545.2727273,8.227272727,5.181818182,5.9,4.222222222,3.5,Private,Private,66
35,551.5454546,4.704545455,4.909090909,5.181818182,3.727272727,3.6,Private,Private,108
36,638.9279661,7.563559322,5.333333333,5.719298246,3.928571429,3.759259259,Private,Private,1461
37,561.7307692,3.461538462,4.923076923,4.923076923,3.416666667,3.166666667,Private,Private,145
38,576.8611111,4.101851852,4.961538462,5.269230769,3.730769231,3.416666667,Private,Private,482
39,518.15,4.1,5.4,6.4,3.75,4.25,Private,Private,171
40,619.109375,5.78125,5.9375,5.4375,4.266666667,3.928571429,Private,Private,351
41,619.5,7.685714286,5.457142857,5.617647059,3.787878788,3.181818182,Private,Private,675
42,599.7833333,6.566666667,5.466666667,5.428571429,4.266666667,3.733333333,Private,Private,618
43,639.1555233,8.324127907,5.467455621,5.744186047,3.994047619,3.865384615,Private,Private,3165
44,577.5978261,6.282608696,5.863636364,5.652173913,4.15,3.952380952,Private,Private,805
45,608.95,9.275,6.1,5.7,4.5,3.625,Private,Private,233
46,712.4991039,14.57258065,6.178181818,6.345323741,4.608695652,4.528301887,Private,Private,307
47,701.55,18.9,6,6.2,4.8,4.4,Private,Private,923
48,558.125,3.21875,4.625,4.625,3.625,2.571428571,Private,Private,427
49,573.203125,8.421875,5.142857143,5.2,4.333333333,4,Private,Private,253
50,583.9946809,5.430851064,5.173913043,5.319148936,3.543478261,3.581395349,Private,Private,276
51,589.8333333,13.25,6,6.125,4.625,4.5,Private,Private,197
52,593.75,4.5,3,7,3.876,4,Private,Private,21
53,564.9659091,7.840909091,5.238095238,5.571428571,3.842105263,3.6,Private,Private,262
54,587.25,2.75,6,6,5,5,Private,Private,598
55,569.0833333,7.208333333,4.363636364,5.25,3.727272727,3.166666667,Private,Private,450
56,572.6266234,6.503246753,4.945945946,5.302631579,3.802816901,3.493150685,Private,Private,772
57,667.6785714,9.071428571,5.884057971,6.130434783,4.264705882,4.2,Private,Private,1578
58,596.4698276,4.629310345,4.788461538,5.310344828,3.557692308,3.5,Private,Private,1063
59,556.3018293,4.612804878,4.613333333,4.810126582,3.391891892,3.230769231,Private,Private,751
60,572.7413793,5.448275862,5.25,5.925925926,3.678571429,3.6,Private,Private,350
61,554.62,7.2,5.24,5.64,4,3.791666667,Private,Private,370
62,646.516129,12.20967742,6.1,6.258064516,4.366666667,4.193548387,Private,Private,486
63,454.375,1.75,2.5,4,3,3,Private,Private,263
64,549.3125,5.953125,4.846153846,5.2,4,3.428571429,Private,Private,87
65,653.8205128,11.85897436,6.025641026,6.307692308,4.540540541,4.351351351,Private,Private,892
66,661.9649123,15.95467836,6.266272189,6.25,4.705882353,4.481481481,Private,Private,2569
67,687.0777778,12.92638889,6.02247191,6.192090395,4.505747126,4.333333333,Private,Private,2635
68,527.5833334,9.944444444,5.882352941,6,4.666666667,4.117647059,Private,Private,204
69,658.5476191,14.64166667,6.101449275,6.196172249,4.657004831,4.507537688,Private,Private,1946
70,600.4456522,11.16304348,6.130434783,6.217391304,4.217391304,4.136363636,Private,Private,286
71,654.9295455,8.156818182,5.814814815,5.724770642,4.23364486,3.56122449,Public,Federal,562
72,552.0833333,3.791666667,4.208333333,4.375,3.391304348,2.708333333,Private,Private,844
73,572.65,3.6625,4.2,4.95,3.45,3.1,Private,Private,413
74,614.4852941,4.926470588,5.375,5.294117647,3.6,3,Private,Private,353
75,590.4384058,5.481884058,5.09375,5.268656716,3.793650794,3.5,Private,Private,1307
76,543.7941177,6.411764706,5.235294118,5.647058824,3.846153846,3.461538462,Private,Private,281
77,614.3934426,7.538934426,5.35,5.491525424,3.947368421,3.842105263,Private,Private,1984
78,580.2,8.85,5.75,5.795918367,4.104166667,4.021276596,Private,Private,301
79,593.1166667,4.866666667,5.214285714,5.266666667,4,3.230769231,Private,Private,218
80,529.7708333,7.729166667,5.456521739,5.553191489,3.87804878,3.75,Private,Private,203
81,508.4166667,8.583333333,5.333333333,5,3.666666667,2.666666667,Private,Private,73
82,582.40625,7.390625,4.933333333,5.333333333,4.357142857,4,Private,Private,129
83,564.8382353,5.941176471,5.153846154,4.941176471,3.705882353,3.533333333,Private,Private,353
84,510.7,3.9,4.4,5,3,3.2,Private,Private,234
85,639.5286885,11.79918033,5.877192982,6.262295082,4.293103448,4.396551724,Private,Private,866
86,544.4880953,4.857142857,5,5.285714286,3.588235294,3.263157895,Private,Private,907
87,655.3690476,10.13095238,5.756097561,6.024390244,4.41025641,4.282051282,Private,Private,796
88,539.2419355,4.169354839,4.541176471,4.879120879,3.592105263,3,Private,Private,754
89,579.1826923,4.221153846,5.36,5.692307692,3.8,3.652173913,Private,Private,146
90,590.1029412,7.544117647,5.666666667,5.6875,3.933333333,3.666666667,Private,Private,352
91,666.6453901,14.39184397,6.385714286,6.283687943,4.742857143,4.514705882,Private,Private,3846
92,690.785,10.805,5.673469388,5.84,4.276595745,4.083333333,Private,Private,1697
93,634.22,8.85,5.6875,6.14,4.021276596,3.934782609,Private,Private,538
94,627.20625,6.81875,5.15,5.325,3.775,3.513513514,Private,Private,1100
95,655.5590278,8.048611111,5.602941176,5.85915493,4,4.095238095,Private,Private,1988
96,638.2122641,8.971698113,5.66,5.862745098,4.22,4.02,Private,Private,1780
97,607.1473214,6.040178571,5.071428571,5.696428571,3.833333333,3.603773585,Private,Private,866
98,694.5082939,15.56872038,6.361904762,6.383886256,4.652380952,4.502463054,Private,Private,3556
99,653.4905064,9.800632911,5.58974359,5.766233766,4.272727273,4.053333333,Private,Private,1673
100,702.9404762,13.89021164,6.058823529,6.201058201,4.497326203,4.364130435,Private,Private,3126
101,614.2058823,6.088235294,5.424242424,5.794117647,3.96969697,3.75,Private,Private,611
102,564.6176471,6.117647059,4.705882353,4.882352941,3.588235294,2.875,Private,Private,270
103,610.765625,3.890625,4.875,5.5,3.4375,3.1875,Private,Private,569
104,586.1029412,6.867647059,5.8125,6.058823529,3.941176471,3.529411765,Private,Private,993
105,607.5096154,8.033653846,5.3,5.607843137,3.93877551,3.804347826,Private,Private,782
106,603.6896552,8.465517241,5.571428571,5.965517241,4.172413793,4.037037037,Private,Private,609
107,596.5163044,7.201086957,5.266666667,5.565217391,3.818181818,3.431818182,Private,Private,944
108,619.2888889,10.88333333,5.681818182,6.022727273,4.159090909,4.045454545,Private,Private,91
109,561.1760564,5.394366197,5.078125,5,3.753623188,3.131147541,Public,State_City,966
110,579.0492958,7.001760563,5.160305344,5.021582734,4.02238806,3.081967213,Public,State_City,2722
111,556.1355932,6.300847458,4.981818182,4.775862069,3.964285714,2.959183673,Public,State_City,937
112,582.5645162,7.415322581,4.819672131,4.950819672,3.983050847,3.036363636,Public,State_City,1272
113,553.6027778,6.872222222,5,4.918604651,3.988095238,2.987341772,Public,State_City,1333
114,561.0346535,5.599009901,4.927083333,4.92,3.858695652,2.956521739,Public,State_City,967
115,626.5340909,11.77272727,6,6.227272727,4.6,4.526315789,Private,Private,795
116,651.0367647,6.610294118,5.441176471,5.735294118,4.096774194,3.935483871,Private,Private,704
117,708.5416667,10.96875,6.083333333,6.217391304,4.217391304,4.083333333,Private,Private,72
118,655.4097222,11.5,6.173913043,6.208333333,4.463768116,4.078125,Private,Private,945
119,638.9418605,7.343023256,5.357142857,5.720930233,3.853658537,3.658536585,Private,Private,777
120,624,11.96428571,6.142857143,6.285714286,4.428571429,4.285714286,Private,Private,261
121,634.3869048,6.279761905,5.5,5.902439024,3.846153846,3.514285714,Private,Private,535
122,640.277027,11.80405405,6.264705882,6.138888889,4.432432432,4.352941176,Private,Private,231
123,652.1666667,7.930555556,5.833333333,5.611111111,4.111111111,3.777777778,Private,Private,409
124,637.6476684,5.081606218,4.888297872,5.09947644,3.477777778,3.168604651,Public,Federal,562
125,585.625,6.0625,5.529411765,5.5,4,3.631578947,Private,Private,299
126,491.8219178,1.70890411,3.8125,3.857142857,2.888888889,2.358208955,Public,State_City,1632
127,500.405,1.52,3.486486486,3.956521739,2.435897436,2.238095238,Public,State_City,874
128,516.7454546,2.295454545,4.059405941,4.566037736,3,2.772277228,Public,State_City,489
129,492.4333333,1.602777778,3.626506024,3.931034483,2.818181818,2.407407407,Public,State_City,886
130,528.7605634,2.56778169,4.223443223,4.706713781,3.126436782,2.909774436,Public,State_City,1276
131,514.7179487,2.762820513,4.361111111,4.666666667,3.194444444,2.714285714,Public,State_City,408
132,527.4234375,3.5609375,4.643356643,4.902597403,3.268115942,2.979452055,Public,State_City,1182
133,478.3657408,1.453703704,3,3.265306122,2.466666667,2.304347826,Public,State_City,1177
134,492.5646552,1.465517241,3.705882353,3.727272727,2.653846154,2.169811321,Public,State_City,916
135,516.8695652,2.299872123,4.052325581,4.419889503,2.991097923,2.700598802,Public,State_City,1941
136,497.479798,2.257575758,4.261904762,4.182795699,2.936708861,2.6,Public,State_City,964
137,504.8928572,1.258928571,3.409090909,3.703703704,2.565217391,2.44,Public,State_City,328
138,514.5978261,2.423913043,4.026315789,4.380952381,3.128205128,2.674418605,Public,State_City,515
139,505.0597015,1.839552239,3.877192982,4.227272727,2.836363636,2.633333333,Public,State_City,1052
140,500.0309917,1.770661157,3.683168317,3.962962963,2.76635514,2.390909091,Public,State_City,1520
141,504.8017242,1.637931034,3.625,4.035714286,2.730769231,2.32,Public,State_City,549
142,508.7875,1.7625,3.933333333,4,2.8,2.529411765,Public,State_City,263
143,493.8029412,1.764705882,4.014492754,3.948051948,2.873239437,2.480519481,Public,State_City,839
144,515.2375,2.075,3.941176471,4.8,2.888888889,2.736842105,Public,State_City,631
145,505.5859375,1.502604167,3.69047619,3.782608696,2.670886076,2.24137931,Public,State_City,1687
146,500.2307692,1.836538462,3.538461538,3.576923077,2.48,2.25,Public,State_City,568
147,472.3333334,2.8,3.636363636,4.214285714,2.7,2.3,Public,State_City,517
148,498.5694444,1.486111111,3.315789474,3.25,2.756097561,2.209302326,Public,State_City,1397
149,514.7108434,2.572289157,3.87012987,4.048780488,2.945945946,2.506493506,Public,State_City,902
150,511.7071429,1.778571429,3.758064516,3.985074627,2.944444444,2.59375,Public,State_City,1973
151,514.1333334,2.059090909,4.059210526,4.079754601,2.78,2.477124183,Public,State_City,1748
152,497.9254386,1.48245614,3.75,4,2.72,2.274509804,Public,State_City,890
153,516.9438202,2.648876404,4.254166667,4.458015267,3.02991453,2.606837607,Public,State_City,1238
154,484.25,1.72972973,3.6,3.677419355,2.75,2.057142857,Public,State_City,404
155,478.09375,1.791666667,3.55,3.5,2.25,2.142857143,Public,State_City,567
156,505.8922414,1.905172414,3.666666667,4,2.70212766,2.245283019,Public,State_City,1273
157,494.2708334,2.458333333,3.363636364,3.1,2.666666667,2.666666667,Public,State_City,232
158,491.1545455,1.290909091,3.666666667,3.576923077,2.790697674,2.238095238,Public,State_City,1132
159,494.0616438,1.609589041,3.774193548,3.985714286,2.879310345,2.573770492,Public,State_City,1067
160,469.3257576,1.553030303,3.965517241,4.193548387,2.52173913,2.448275862,Public,State_City,636
161,521.3633094,2.06294964,4.068965517,4.414814815,2.876033058,2.53968254,Public,State_City,1043
162,491.3403615,1.590361446,3.676056338,3.91025641,2.657894737,2.346666667,Public,State_City,1313
163,489.8928572,1.685714286,3.263157895,3.630769231,2.690909091,2.403225806,Public,State_City,913
164,514.9817073,1.554878049,3.725,3.794871795,3,2.352941176,Public,State_City,2012
165,514.7628505,2.13317757,4.015544041,4.403940887,2.932960894,2.507853403,Public,State_City,1367
166,484.6923077,1.653846154,3.6,4,3.111111111,2.75,Public,State_City,393
167,497.4926471,1.801470588,3.894736842,4.296875,2.719298246,2.438596491,Public,State_City,1102
168,508.8766234,2.003246753,3.847222222,4.189189189,2.923076923,2.917808219,Public,State_City,1499
169,495.6964286,1.581632653,3.30952381,3.557894737,2.717948718,2.425287356,Public,State_City,919
170,469.5625,1.4375,3.5,3.75,3.333333333,1.666666667,Public,State_City,329
171,515.5570175,2.118421053,4.06,4.45045045,2.826530612,2.548076923,Public,State_City,1535
172,505.8720931,1.598837209,3.567567568,3.580246914,2.695652174,2.181818182,Public,State_City,1674
173,475.859375,1.40625,3.133333333,2.9375,2.928571429,2.285714286,Public,State_City,287
174,488.8059211,1.529605263,3.515151515,3.661764706,2.784615385,2.31884058,Public,State_City,1378
175,500.75,2.03125,3.862068966,4.677419355,3,2.607142857,Public,State_City,376
176,481.0375,1.24375,3.322580645,3.621621622,2.517241379,2.25,Public,State_City,283
177,496.3214286,1.901785714,3.936170213,3.962264151,2.70212766,2.32,Public,State_City,612
178,488.5131579,1.99122807,3.673469388,3.875,2.777777778,2.365384615,Public,State_City,802
179,501.1968085,1.303191489,3.604651163,3.655555556,2.719512195,2.34939759,Public,State_City,1031
180,477.25,1.630434783,3.55,3.863636364,2.863636364,2.142857143,Public,State_City,813
181,529.4326923,2.221153846,3.909090909,4.16,3.142857143,2.375,Public,State_City,556
182,491.9017857,1.714285714,3.208333333,3.666666667,2.666666667,2.458333333,Public,State_City,483
183,507.2548077,1.923076923,3.808988764,4.141414141,2.62195122,2.375,Public,State_City,1074
184,479.6470588,1.25,3.75,3.5,2.333333333,2,Public,State_City,334
185,510.6981132,1.773584906,4.083333333,4.058823529,2.714285714,2.418604651,Public,State_City,1284
186,513.6349558,1.807522124,3.778947368,4.168141593,2.731182796,2.46728972,Public,State_City,862
187,512.1709677,2.10483871,3.948905109,4.140939597,2.961832061,2.5,Public,State_City,1180
188,514.4035533,2.346446701,4.005617978,4.326086957,2.924418605,2.649717514,Public,State_City,980
189,511.3668831,2.061688312,4.05,3.774647887,2.693548387,2.352112676,Public,State_City,1279
190,501.7692308,1.317307692,3,3.347826087,2.523809524,2.095238095,Public,State_City,518
191,447.75,0.5,2,4,1,2,Public,State_City,316
192,505.0934066,2.197802198,3.897435897,4.287356322,2.753424658,2.43902439,Public,State_City,1188
193,501.455,2.31,3.531914894,4.020833333,2.808510638,2.295454545,Public,State_City,855
194,538.0589431,2.398373984,4.32885906,4.562105263,3.011709602,2.693156733,Public,State_City,2030
195,481.5859375,1.1875,3.444444444,3.7,2.551724138,2.379310345,Public,State_City,740
196,488.2884615,1.192307692,3.416666667,3.666666667,2.8,2.153846154,Public,State_City,353
197,515.0576923,2.317307692,4.043478261,4.5,3.3,2.772727273,Public,State_City,475
198,512.6013513,1.371621622,3.78125,4.081081081,2.647058824,2.382352941,Public,State_City,775
199,526.4247191,2.421348315,4.264775414,4.599088838,3.12,2.823383085,Public,State_City,2504
200,494.6355422,1.536144578,3.534246575,4.135802469,2.690140845,2.36,Public,State_City,969
201,505.0909091,1.636363636,4.1,4.238095238,2.7,2.368421053,Public,State_City,203
202,519.3716216,1.88963964,4.009803922,4.448598131,2.877777778,2.621359223,Public,State_City,690
203,491.607595,1.746835443,3.948275862,4.130434783,2.766666667,2.402985075,Public,State_City,782
204,489.9613095,1.708333333,3.894736842,4.038461538,2.769230769,2.405063291,Public,State_City,1544
205,500.4637097,1.758064516,3.642857143,3.818181818,2.877192982,2.418181818,Public,State_City,1096
206,491.9553572,1.857142857,3.962962963,4.678571429,2.916666667,2.384615385,Public,State_City,392
207,475.5069445,1.590277778,3.206896552,3.571428571,2.555555556,2.225806452,Public,State_City,1117
208,507.5943396,2.367924528,4.108695652,4.541666667,3,2.595238095,Public,State_City,711
209,510.0466497,1.835627435,3.822753643,4.155263158,2.8179539,2.467328889,Public,State_City,2256
210,477.85,1.65,2.75,2.6,2.75,2,Public,State_City,491
211,480.25,1.46875,3.333333333,4.428571429,2,2.6,Public,State_City,421
212,524.4166667,2.416666667,4.444444444,4.666666667,3.25,3,Public,State_City,417
213,508.7058824,1.338235294,2.615384615,3.6,2.75,2.5,Public,State_City,715
214,497.3940678,1.957627119,3.851485149,4.232142857,2.727272727,2.632075472,Public,State_City,1369
215,507.6184211,2.092105263,3.631578947,4.111111111,3.058823529,2.588235294,Public,State_City,304
216,485.8064517,1.459677419,4.086956522,3.923076923,2.458333333,2.2,Public,State_City,435
217,529.4301181,2.581692913,4.262008734,4.616935484,3.058823529,2.818181818,Public,State_City,1892
218,536.2568598,2.72027439,4.331147541,4.801242236,3.003448276,2.823920266,Public,State_City,1234
219,510.7910156,1.947265625,3.98245614,4.336065574,2.926605505,2.5,Public,State_City,1598
220,502.4433333,2.07,3.876923077,4.205479452,2.830508475,2.582089552,Public,State_City,537
221,509.3008475,2.453389831,4.358490566,4.473684211,3.358490566,2.823529412,Public,State_City,546
222,483.7421875,1.3515625,3.392857143,3.533333333,2.535714286,2.357142857,Public,State_City,672
223,516.9285714,2.117857143,3.950413223,4.075757576,2.877192982,2.483333333,Public,State_City,818
224,516.2585227,1.730113636,3.651315789,3.862275449,2.803921569,2.450980392,Public,State_City,1023
225,488.8369565,1.485507246,3.616666667,3.876923077,2.694915254,2.095238095,Public,State_City,1000
226,490.4895833,1.354166667,3.404761905,3.533333333,2.720930233,2.1,Public,State_City,1317
227,517.3468469,2.042792793,3.836734694,4.285714286,2.755555556,2.479591837,Public,State_City,876
228,495.9467213,1.524590164,4.160714286,4.103448276,2.734693878,2.517857143,Public,State_City,352
229,539.6023936,2.674202128,4.381088825,4.744565217,3.073964497,2.877906977,Public,State_City,1584
230,515.2440476,2.095238095,4.039473684,4.192771084,3.02739726,2.513157895,Public,State_City,905
231,493.1097561,1.713414634,3.631578947,4.037974684,2.68,2.44,Public,State_City,1102
232,473.1525974,1.737012987,3.396825397,3.479452055,2.75,2.138461538,Public,State_City,494
233,491.3785714,1.628571429,3.413793103,3.580645161,2.290322581,2.15625,Public,State_City,1067
234,496.6129032,2.016129032,3.862068966,3.852459016,2.724137931,2.259259259,Public,State_City,957
235,506.5174419,1.313953488,3.388888889,3.534883721,2.5,2.243243243,Public,State_City,304
236,490.7419355,1.233870968,3.285714286,3.75862069,2.44,2.25,Public,State_City,558
237,488.1375,1.3875,3.055555556,3.388888889,2.333333333,2.210526316,Public,State_City,480
238,473.0476191,1.726190476,3.25,3.789473684,2.5,2.157894737,Public,State_City,576
239,520.8162752,2.674496644,4.346570397,4.588235294,3.056603774,2.78313253,Public,State_City,1295
240,494.4506579,1.315789474,3.542857143,3.76,2.852941176,2.285714286,Public,State_City,1817
241,521.4772728,2.198863636,4.210526316,4.530120482,2.835616438,2.633802817,Public,State_City,950
242,531.38,2.068333333,4.120300752,4.542857143,2.875968992,2.607142857,Public,State_City,743
243,554.2113095,3.592261905,4.639751553,4.993975904,3.305194805,3.140127389,Public,State_City,1323
244,511.875,2.363207547,4.032608696,4.427184466,3.107142857,2.637362637,Public,State_City,1531
245,427.25,0.5,1,1,1,1,Public,State_City,891
246,490.8983051,1.720338983,3.666666667,3.896551724,2.574468085,2.196428571,Public,State_City,1017
247,504.025,1.7875,3.735294118,3.971428571,2.722222222,2.315789474,Public,State_City,1093
248,492.6807229,1.909638554,3.581081081,3.825,2.657534247,2.478873239,Public,State_City,622
249,517.0070423,2.626760563,4.261538462,4.651851852,3.093023256,2.782945736,Public,State_City,1280
250,496.9107143,1.866071429,3.647887324,3.974025974,2.8,2.414285714,Public,State_City,765
251,504.0800781,1.7890625,3.85840708,4.090163934,2.768518519,2.51754386,Public,State_City,2145
252,503.1394231,1.846153846,3.777777778,4,2.511627907,2.204081633,Public,State_City,763
253,499.4333333,1.45,3.8,4.066666667,2.75,2.692307692,Public,State_City,491
254,569.0234375,3.236979167,4.808988764,5.168421053,3.06097561,2.988372093,Public,State_City,696
255,499.3125,1.333333333,3.090909091,3.666666667,2.80952381,2.363636364,Public,State_City,420
256,520.4072086,2.425613497,4.221088435,4.504761905,3.035587189,2.663333333,Public,State_City,1661
257,494.9697987,1.815436242,3.73015873,4.094890511,2.674796748,2.369230769,Public,State_City,1457
258,504.2253086,1.555555556,3.434210526,4.289473684,2.614285714,2.402777778,Public,State_City,1480
259,489.6517857,1.642857143,3.291666667,3.230769231,2.541666667,2.375,Public,State_City,565
260,505.046875,1.3125,3.333333333,3.466666667,2.928571429,2.5,Public,State_City,322
261,506.1801075,1.841397849,3.590361446,3.876404494,2.87804878,2.470588235,Public,State_City,1003
262,515.9822835,2.114173228,4.184210526,4.211382114,2.845454545,2.449541284,Public,State_City,927
263,501.4071429,2.271428571,3.878787879,4,2.935483871,2.483870968,Public,State_City,1110
264,543.9152174,3.036956522,4.695238095,4.792792793,3.121212121,2.851851852,Public,State_City,1126
265,484.9653846,1.719230769,3.901639344,4.125,2.754098361,2.419354839,Public,State_City,1035
266,515.7523885,2.133757962,3.845323741,4.016722408,2.774074074,2.367041199,Public,State_City,1484
267,489.7083333,1.430555556,3.625,4,2.5625,2.294117647,Public,State_City,627
268,528.9753086,2.080246914,4.013888889,4.289473684,2.901408451,2.581081081,Public,State_City,587
269,507.5775194,1.666666667,3.726415094,3.902439024,2.831578947,2.396396396,Public,State_City,961
270,491.5931818,1.440909091,3.684782609,3.971428571,2.724137931,2.267326733,Public,State_City,716
271,490.4946809,1.526595745,3.371428571,3.487804878,2.388888889,1.975,Public,State_City,1176
272,475.68,1.63,3.772727273,4.04,2.571428571,2.434782609,Public,State_City,1517
273,532.9473684,3.035714286,4.49137931,4.72519084,3.160377358,2.966101695,Public,State_City,674
274,533.7034413,2.42611336,4.209090909,4.684647303,2.995192308,2.832599119,Public,State_City,1196
275,491.7602041,1.142857143,3.081081081,3.409090909,2.571428571,2.0625,Public,State_City,525
276,518.7103175,1.984126984,3.75,4.180327869,2.907407407,2.433333333,Public,State_City,483
277,501.7702703,1.685810811,3.327868852,3.5,2.5,2.194029851,Public,State_City,931
278,488.1413044,1.391304348,3.526315789,3.523809524,2.333333333,2.095238095,Public,State_City,360
279,482.7334906,1.554245283,3.362637363,3.424242424,2.581395349,2.305263158,Public,State_City,980
280,510.4433962,1.613207547,3.804347826,4.18,2.744680851,2.612244898,Public,State_City,365
281,493.5458334,1.345833333,3.019607843,3.456140351,2.565217391,2.22,Public,State_City,945
282,463.8306452,1.35483871,3.32,3.5,2.347826087,2.192307692,Public,State_City,722
283,482.140625,1.421875,3.482142857,3.711864407,2.705882353,2.327586207,Public,State_City,643
284,496.4393939,1.446969697,3.107142857,3.612903226,2.642857143,2.25,Public,State_City,1167
285,480.6052632,1.473684211,3.742857143,4.216216216,2.617647059,2.25,Public,State_City,945
286,476.4242424,1.113636364,3.071428571,3.233333333,2.259259259,2.0625,Public,State_City,1005
287,497.6923077,1.833333333,3.5,3.789473684,2.7,2.21875,Public,State_City,652
288,480.2083333,1.660714286,3.486486486,3.619047619,2.666666667,2.277777778,Public,State_City,881
289,485.2903226,1.266129032,3.407407407,4.266666667,2.428571429,2.206896552,Public,State_City,1194
290,508.8329327,2.058894231,3.973404255,4.280193237,2.922651934,2.621621622,Public,State_City,1205
291,489.8068182,1.613636364,3.405405405,3.829268293,2.648648649,2.210526316,Public,State_City,782
292,504.2239884,1.787572254,3.901960784,4.187134503,2.698630137,2.393548387,Public,State_City,1748
293,488.8409091,1.454545455,4,3.666666667,2.25,2.1,Public,State_City,695
294,492.1572165,1.49742268,3.454545455,3.641304348,2.705882353,2.168539326,Public,State_City,901
295,498.9722222,1.513888889,2.875,3.733333333,2.733333333,2.1875,Public,State_City,257
296,515.4308176,2.485849057,4.063829787,4.532894737,3.02962963,2.748251748,Public,State_City,1014
297,528.6746988,2.596385542,4.51048951,4.867924528,3.108695652,2.966442953,Public,State_City,1183
298,497.7794118,1.595588235,3.943396226,4.096774194,2.781818182,2.403225806,Public,State_City,582
299,529.5804795,2.436643836,4.251928021,4.563679245,2.992207792,2.783715013,Public,State_City,1823
300,506.7580645,1.870967742,3.857142857,4.25,2.833333333,2.592592593,Public,State_City,695
301,498.7083334,1.121794872,3.298507463,3.586666667,2.6875,2.294117647,Public,State_City,813
302,489.2091837,1.43877551,3.580645161,3.659090909,2.575757576,2.409090909,Public,State_City,312
303,506.9107143,1.651785714,3.739130435,3.608695652,2.8,2.863636364,Public,State_City,623
304,506.9583333,1.898809524,3.885714286,4.368421053,2.882352941,2.717948718,Public,State_City,420
305,504.252,2.018,3.841121495,4.264957265,2.943396226,2.553571429,Public,State_City,1017
306,519.9123932,2.306980057,4.128617363,4.372781065,3.036666667,2.682847896,Public,State_City,2056
307,501.3586956,1.65,3.75,3.964285714,2.591836735,2.494845361,Public,State_City,1158
308,479.6617647,1.495098039,3.756097561,4.333333333,2.523809524,2.279069767,Public,State_City,410
309,489.5041667,1.727083333,3.352941176,3.681415929,2.591836735,2.198113208,Public,State_City,792
310,469.25,1.25,2,2,3,4,Public,State_City,617
311,544.125,1.5,3,4,3,2,Public,State_City,536
312,503,1.5,4,4.5,2.1678,2,Public,State_City,937
313,450,2.25,2,3,3,2,Public,State_City,326
314,478.875,1.875,4.5,4.5,3.5,3,Public,State_City,296
315,482.875,0.5,3,2,3,2,Public,State_City,815
316,467,2.375,2,3.5,1,3,Public,State_City,782
317,507.25,1.4375,2.5,2.75,3.25,2,Public,State_City,1004
318,439.5,1.75,5,5,3,4,Public,State_City,308
319,472.75,1.458333333,2.333333333,4,2.8,2.6,Public,State_City,628
320,529.125,2.5625,4.5,3.75,2.75,2,Public,State_City,912
321,611.5344828,5.327586207,5.037037037,5.275862069,3.642857143,3.64,Private,Private,779
322,562.7179487,4.467948718,4.918918919,4.973684211,3.432432432,3.054054054,Private,Private,452
323,547.0138889,4.958333333,4.875,5.277777778,3.666666667,3.5625,Private,Private,241
324,665.5,5.5,7,6,5,4,Private,Private,322
325,550.3958334,6.75,5.818181818,5,4.090909091,3.875,Private,Private,90
326,586.7857143,11.89285714,6.571428571,5.928571429,4.357142857,4.214285714,Private,Private,348
327,604.1572581,12.37096774,5.983333333,6.049180328,4.442622951,4.316666667,Private,Private,254
328,622.5416667,6.208333333,4.833333333,6,3.8,3.666666667,Private,Private,298
329,619.4791667,5.416666667,5.166666667,5.166666667,4.083333333,3.5,Private,Private,71
330,449.775,1.625,3.5,2.125,2,2.1,Private,Private,184
331,448.25,1.25,2,2,1,1,Public,State_City,813
332,512.5833333,1.166666667,3.333333333,4,3,2,Public,State_City,551
333,456.8333333,0.75,4,3.666666667,2.666666667,2,Public,State_City,557
334,441.75,1.25,4,4,3,2,Public,State_City,608
335,455.25,1.75,2,5,3,1,Public,State_City,793
336,465.75,2.25,3,2,3,3,Public,State_City,1195
337,469.5,1.25,2,2,2,2,Public,State_City,302
338,445,1.25,4,4,1,1,Public,State_City,734
339,448,1.25,3,3,1,1,Public,State_City,1022
340,528.75,1.25,2,3,2,2,Public,State_City,676
341,554.0263158,4,4.72972973,5.567567568,3.542857143,3.638888889,Private,Private,205
342,620.8811881,4.764851485,5.173469388,5.2,3.734042553,3.202380952,Private,Private,1721
343,597.9396552,4.392241379,5.017241379,5.379310345,3.50877193,3.375,Private,Private,344
344,620.26875,16.6375,6.475,6.575,4.9,4.578947368,Private,Private,772
345,535.25,0.5,6,5,4,2,Public,State_City,551
346,518.9396552,2.025862069,3.75862069,4.206896552,2.846153846,2.518518519,Public,State_City,158
347,587.0965347,3.445544554,4.587628866,4.752475248,3.288888889,3,Public,State_City,412
348,556.734375,3.145833333,4.111111111,4.70212766,3.170731707,2.76744186,Public,State_City,319
349,550.3625,2.93,4.414893617,5.040816327,3.166666667,3.02173913,Public,State_City,395
350,523.5308989,2.033707865,3.963414634,4.329268293,2.9875,2.739726027,Public,State_City,348
351,494.7447917,1.234375,3.428571429,3.568181818,2.58974359,2.230769231,Public,State_City,249
352,531.4618644,2.275423729,4.12962963,4.406779661,2.872340426,2.807692308,Public,State_City,100
353,524.4625,1.925,3.684210526,4.05,2.72972973,2.289473684,Public,State_City,192
354,530.4828432,2.078431373,4.155555556,4.323232323,2.988888889,2.52173913,Public,State_City,469
355,595.6179245,3.622641509,4.653846154,5.150943396,3.276595745,2.9375,Public,State_City,160
356,550.7833333,2.075,3.259259259,4.275862069,2.6,2.615384615,Public,State_City,210
357,562.7916667,5.833333333,5,5.333333333,3.666666667,3.5,Private,Private,502
358,619.1819853,3.908088235,4.671641791,5.051851852,3.424,3.118110236,Public,Federal,492
359,604.7954546,4.977272727,5.047619048,5.666666667,3.714285714,3.523809524,Private,Private,452
360,572.6388889,4.166666667,4.875,5.111111111,3.625,3.222222222,Private,Private,371
361,595.8552632,5.276315789,4.941176471,4.833333333,3.722222222,3.5,Private,Private,418
362,586.7723214,6.147321429,5.226415094,5.148148148,3.849056604,3.346938776,Private,Private,1041
363,600.4464286,6.660714286,4.428571429,5.428571429,3.857142857,3.538461538,Private,Private,554
364,565.55,6.03125,5.230769231,4.846153846,3.58974359,3.421052632,Private,Private,489
365,557.6136364,6,4.727272727,4.818181818,3.272727273,3.2,Private,Private,270
366,546.2142857,4.428571429,4.166666667,4.857142857,3.5,3.8,Private,Private,217
367,547.1875,3.8671875,5,5.033333333,3.571428571,3.275862069,Private,Private,607
368,457.5,22.5,7,5,5,4,Private,Private,56
369,624.6515152,10.37878788,5.575757576,5.78125,4.0625,3.875,Private,Private,801
370,526.3924731,2.407930108,4.264615385,4.565340909,2.886363636,2.753012048,Public,State_City,3728
371,587.9722223,5.375,4.888888889,5.647058824,4,3.588235294,Private,Private,297
372,618.4166667,9.361111111,5.888888889,5.111111111,3.888888889,3.25,Private,Private,305
373,554.75,4.5,5,3,4,2,Private,Private,751
374,547.8068182,3.147727273,4.380952381,4.863636364,3.578947368,3.45,Private,Private,496
375,590.0375,5.6625,5.5,5,3.882352941,3.125,Private,Private,447
376,595.3928572,5.757142857,5.117647059,5.542857143,3.818181818,3.558823529,Private,Private,437
377,563.5625,3.125,4.625,5,3.4,3,Private,Private,384
378,599.7763158,4.671052632,5,5.210526316,3.666666667,3.058823529,Private,Private,104
379,608.5,4.419354839,4.766666667,5.032258065,3.451612903,3.08,Private,Private,445
380,597.5743244,4.878378378,5,5.305555556,3.6,3.242424242,Private,Private,648
381,624.34375,4.642857143,5.150943396,5.375,3.450980392,3.358490566,Private,Private,1013
382,586.7925,2.45,4.042105263,4.19,2.782608696,2.615384615,Private,Private,258
383,591.2395833,8.864583333,5.458333333,5.75,4.086956522,3.714285714,Private,Private,294
